{
	"BUILD_DIR" : "C:/documents/courses/qml2/cmake-build-debug/clion-qt_autogen",
	"CMAKE_BINARY_DIR" : "C:/documents/courses/qml2/cmake-build-debug",
	"CMAKE_CURRENT_BINARY_DIR" : "C:/documents/courses/qml2/cmake-build-debug",
	"CMAKE_CURRENT_SOURCE_DIR" : "C:/documents/courses/qml2",
	"CMAKE_EXECUTABLE" : "C:/Program Files/JetBrains/CLion 2022.3.1/bin/cmake/win/bin/cmake.exe",
	"CMAKE_LIST_FILES" : 
	[
		"C:/documents/courses/qml2/CMakeLists.txt",
		"C:/documents/courses/qml2/cmake-build-debug/CMakeFiles/3.24.2/CMakeSystem.cmake",
		"C:/Program Files/JetBrains/CLion 2022.3.1/bin/cmake/win/share/cmake-3.24/Modules/CMakeSystemSpecificInitialize.cmake",
		"C:/documents/courses/qml2/cmake-build-debug/CMakeFiles/3.24.2/CMakeCCompiler.cmake",
		"C:/documents/courses/qml2/cmake-build-debug/CMakeFiles/3.24.2/CMakeCXXCompiler.cmake",
		"C:/Program Files/JetBrains/CLion 2022.3.1/bin/cmake/win/share/cmake-3.24/Modules/CMakeSystemSpecificInformation.cmake",
		"C:/Program Files/JetBrains/CLion 2022.3.1/bin/cmake/win/share/cmake-3.24/Modules/CMakeGenericSystem.cmake",
		"C:/Program Files/JetBrains/CLion 2022.3.1/bin/cmake/win/share/cmake-3.24/Modules/CMakeInitializeConfigs.cmake",
		"C:/Program Files/JetBrains/CLion 2022.3.1/bin/cmake/win/share/cmake-3.24/Modules/Platform/Windows.cmake",
		"C:/Program Files/JetBrains/CLion 2022.3.1/bin/cmake/win/share/cmake-3.24/Modules/Platform/WindowsPaths.cmake",
		"C:/Program Files/JetBrains/CLion 2022.3.1/bin/cmake/win/share/cmake-3.24/Modules/CMakeFindCodeBlocks.cmake",
		"C:/Program Files/JetBrains/CLion 2022.3.1/bin/cmake/win/share/cmake-3.24/Modules/CMakeExtraGeneratorDetermineCompilerMacrosAndIncludeDirs.cmake",
		"C:/Program Files/JetBrains/CLion 2022.3.1/bin/cmake/win/share/cmake-3.24/Modules/ProcessorCount.cmake",
		"C:/Program Files/JetBrains/CLion 2022.3.1/bin/cmake/win/share/cmake-3.24/Modules/CMakeCInformation.cmake",
		"C:/Program Files/JetBrains/CLion 2022.3.1/bin/cmake/win/share/cmake-3.24/Modules/CMakeLanguageInformation.cmake",
		"C:/Program Files/JetBrains/CLion 2022.3.1/bin/cmake/win/share/cmake-3.24/Modules/Compiler/GNU-C.cmake",
		"C:/Program Files/JetBrains/CLion 2022.3.1/bin/cmake/win/share/cmake-3.24/Modules/Compiler/GNU.cmake",
		"C:/Program Files/JetBrains/CLion 2022.3.1/bin/cmake/win/share/cmake-3.24/Modules/Compiler/CMakeCommonCompilerMacros.cmake",
		"C:/Program Files/JetBrains/CLion 2022.3.1/bin/cmake/win/share/cmake-3.24/Modules/Platform/Windows-GNU-C.cmake",
		"C:/Program Files/JetBrains/CLion 2022.3.1/bin/cmake/win/share/cmake-3.24/Modules/Platform/Windows-GNU.cmake",
		"C:/documents/courses/qml2/cmake-build-debug/CMakeFiles/3.24.2/CMakeRCCompiler.cmake",
		"C:/Program Files/JetBrains/CLion 2022.3.1/bin/cmake/win/share/cmake-3.24/Modules/CMakeRCInformation.cmake",
		"C:/Program Files/JetBrains/CLion 2022.3.1/bin/cmake/win/share/cmake-3.24/Modules/Platform/Windows-windres.cmake",
		"C:/Program Files/JetBrains/CLion 2022.3.1/bin/cmake/win/share/cmake-3.24/Modules/Platform/Windows-GNU-C-ABI.cmake",
		"C:/Program Files/JetBrains/CLion 2022.3.1/bin/cmake/win/share/cmake-3.24/Modules/CMakeCommonLanguageInclude.cmake",
		"C:/Program Files/JetBrains/CLion 2022.3.1/bin/cmake/win/share/cmake-3.24/Modules/CMakeCXXInformation.cmake",
		"C:/Program Files/JetBrains/CLion 2022.3.1/bin/cmake/win/share/cmake-3.24/Modules/CMakeLanguageInformation.cmake",
		"C:/Program Files/JetBrains/CLion 2022.3.1/bin/cmake/win/share/cmake-3.24/Modules/Compiler/GNU-CXX.cmake",
		"C:/Program Files/JetBrains/CLion 2022.3.1/bin/cmake/win/share/cmake-3.24/Modules/Compiler/GNU.cmake",
		"C:/Program Files/JetBrains/CLion 2022.3.1/bin/cmake/win/share/cmake-3.24/Modules/Platform/Windows-GNU-CXX.cmake",
		"C:/Program Files/JetBrains/CLion 2022.3.1/bin/cmake/win/share/cmake-3.24/Modules/Platform/Windows-GNU.cmake",
		"C:/Program Files/JetBrains/CLion 2022.3.1/bin/cmake/win/share/cmake-3.24/Modules/Platform/Windows-GNU-CXX-ABI.cmake",
		"C:/Program Files/JetBrains/CLion 2022.3.1/bin/cmake/win/share/cmake-3.24/Modules/CMakeCommonLanguageInclude.cmake",
		"C:/Qt/5.15.2/mingw81_64/lib/cmake/Qt5Core/Qt5CoreConfigVersion.cmake",
		"C:/Qt/5.15.2/mingw81_64/lib/cmake/Qt5Core/Qt5CoreConfig.cmake",
		"C:/Qt/5.15.2/mingw81_64/lib/cmake/Qt5Core/Qt5CoreConfigExtras.cmake",
		"C:/Qt/5.15.2/mingw81_64/lib/cmake/Qt5Core/Qt5CoreConfigExtrasMkspecDir.cmake",
		"C:/Qt/5.15.2/mingw81_64/lib/cmake/Qt5Core/Qt5CoreMacros.cmake",
		"C:/Program Files/JetBrains/CLion 2022.3.1/bin/cmake/win/share/cmake-3.24/Modules/CMakeParseArguments.cmake",
		"C:/Qt/5.15.2/mingw81_64/lib/cmake/Qt5Quick/Qt5QuickConfigVersion.cmake",
		"C:/Qt/5.15.2/mingw81_64/lib/cmake/Qt5Quick/Qt5QuickConfig.cmake",
		"C:/Qt/5.15.2/mingw81_64/lib/cmake/Qt5QmlModels/Qt5QmlModelsConfigVersion.cmake",
		"C:/Qt/5.15.2/mingw81_64/lib/cmake/Qt5QmlModels/Qt5QmlModelsConfig.cmake",
		"C:/Qt/5.15.2/mingw81_64/lib/cmake/Qt5Qml/Qt5QmlConfigVersion.cmake",
		"C:/Qt/5.15.2/mingw81_64/lib/cmake/Qt5Qml/Qt5QmlConfig.cmake",
		"C:/Qt/5.15.2/mingw81_64/lib/cmake/Qt5Network/Qt5NetworkConfigVersion.cmake",
		"C:/Qt/5.15.2/mingw81_64/lib/cmake/Qt5Network/Qt5NetworkConfig.cmake",
		"C:/Qt/5.15.2/mingw81_64/lib/cmake/Qt5Network/Qt5Network_QGenericEnginePlugin.cmake",
		"C:/Qt/5.15.2/mingw81_64/lib/cmake/Qt5Qml/Qt5Qml_QDebugMessageServiceFactory.cmake",
		"C:/Qt/5.15.2/mingw81_64/lib/cmake/Qt5Qml/Qt5Qml_QLocalClientConnectionFactory.cmake",
		"C:/Qt/5.15.2/mingw81_64/lib/cmake/Qt5Qml/Qt5Qml_QQmlDebugServerFactory.cmake",
		"C:/Qt/5.15.2/mingw81_64/lib/cmake/Qt5Qml/Qt5Qml_QQmlDebuggerServiceFactory.cmake",
		"C:/Qt/5.15.2/mingw81_64/lib/cmake/Qt5Qml/Qt5Qml_QQmlInspectorServiceFactory.cmake",
		"C:/Qt/5.15.2/mingw81_64/lib/cmake/Qt5Qml/Qt5Qml_QQmlNativeDebugConnectorFactory.cmake",
		"C:/Qt/5.15.2/mingw81_64/lib/cmake/Qt5Qml/Qt5Qml_QQmlNativeDebugServiceFactory.cmake",
		"C:/Qt/5.15.2/mingw81_64/lib/cmake/Qt5Qml/Qt5Qml_QQmlPreviewServiceFactory.cmake",
		"C:/Qt/5.15.2/mingw81_64/lib/cmake/Qt5Qml/Qt5Qml_QQmlProfilerServiceFactory.cmake",
		"C:/Qt/5.15.2/mingw81_64/lib/cmake/Qt5Qml/Qt5Qml_QQuickProfilerAdapterFactory.cmake",
		"C:/Qt/5.15.2/mingw81_64/lib/cmake/Qt5Qml/Qt5Qml_QTcpServerConnectionFactory.cmake",
		"C:/Qt/5.15.2/mingw81_64/lib/cmake/Qt5Qml/Qt5QmlConfigExtras.cmake",
		"C:/Qt/5.15.2/mingw81_64/lib/cmake/Qt5Gui/Qt5GuiConfigVersion.cmake",
		"C:/Qt/5.15.2/mingw81_64/lib/cmake/Qt5Gui/Qt5GuiConfig.cmake",
		"C:/Qt/5.15.2/mingw81_64/lib/cmake/Qt5Gui/Qt5Gui_QGifPlugin.cmake",
		"C:/Qt/5.15.2/mingw81_64/lib/cmake/Qt5Gui/Qt5Gui_QICNSPlugin.cmake",
		"C:/Qt/5.15.2/mingw81_64/lib/cmake/Qt5Gui/Qt5Gui_QICOPlugin.cmake",
		"C:/Qt/5.15.2/mingw81_64/lib/cmake/Qt5Gui/Qt5Gui_QJpegPlugin.cmake",
		"C:/Qt/5.15.2/mingw81_64/lib/cmake/Qt5Gui/Qt5Gui_QMinimalIntegrationPlugin.cmake",
		"C:/Qt/5.15.2/mingw81_64/lib/cmake/Qt5Gui/Qt5Gui_QOffscreenIntegrationPlugin.cmake",
		"C:/Qt/5.15.2/mingw81_64/lib/cmake/Qt5Gui/Qt5Gui_QSvgIconPlugin.cmake",
		"C:/Qt/5.15.2/mingw81_64/lib/cmake/Qt5Gui/Qt5Gui_QSvgPlugin.cmake",
		"C:/Qt/5.15.2/mingw81_64/lib/cmake/Qt5Gui/Qt5Gui_QTgaPlugin.cmake",
		"C:/Qt/5.15.2/mingw81_64/lib/cmake/Qt5Gui/Qt5Gui_QTiffPlugin.cmake",
		"C:/Qt/5.15.2/mingw81_64/lib/cmake/Qt5Gui/Qt5Gui_QTuioTouchPlugin.cmake",
		"C:/Qt/5.15.2/mingw81_64/lib/cmake/Qt5Gui/Qt5Gui_QVirtualKeyboardPlugin.cmake",
		"C:/Qt/5.15.2/mingw81_64/lib/cmake/Qt5Gui/Qt5Gui_QWbmpPlugin.cmake",
		"C:/Qt/5.15.2/mingw81_64/lib/cmake/Qt5Gui/Qt5Gui_QWebGLIntegrationPlugin.cmake",
		"C:/Qt/5.15.2/mingw81_64/lib/cmake/Qt5Gui/Qt5Gui_QWebpPlugin.cmake",
		"C:/Qt/5.15.2/mingw81_64/lib/cmake/Qt5Gui/Qt5Gui_QWindowsDirect2DIntegrationPlugin.cmake",
		"C:/Qt/5.15.2/mingw81_64/lib/cmake/Qt5Gui/Qt5Gui_QWindowsIntegrationPlugin.cmake",
		"C:/Qt/5.15.2/mingw81_64/lib/cmake/Qt5Gui/Qt5Gui_QXdgDesktopPortalThemePlugin.cmake",
		"C:/Qt/5.15.2/mingw81_64/lib/cmake/Qt5Gui/Qt5GuiConfigExtras.cmake",
		"C:/documents/courses/qml2/qml.qrc"
	],
	"CMAKE_SOURCE_DIR" : "C:/documents/courses/qml2",
	"DEP_FILE" : "",
	"DEP_FILE_RULE_NAME" : "",
	"HEADERS" : [],
	"HEADER_EXTENSIONS" : [ "h", "hh", "h++", "hm", "hpp", "hxx", "in", "txx" ],
	"INCLUDE_DIR" : "C:/documents/courses/qml2/cmake-build-debug/clion-qt_autogen/include",
	"MOC_COMPILATION_FILE" : "C:/documents/courses/qml2/cmake-build-debug/clion-qt_autogen/mocs_compilation.cpp",
	"MOC_DEFINITIONS" : 
	[
		"QT_CORE_LIB",
		"QT_GUI_LIB",
		"QT_NETWORK_LIB",
		"QT_QMLMODELS_LIB",
		"QT_QML_LIB",
		"QT_QUICK_LIB"
	],
	"MOC_DEPEND_FILTERS" : 
	[
		[
			"Q_PLUGIN_METADATA",
			"[\n][ \t]*Q_PLUGIN_METADATA[ \t]*\\([^\\)]*FILE[ \t]*\"([^\"]+)\""
		]
	],
	"MOC_INCLUDES" : 
	[
		"C:/documents/courses/qml2/cmake-build-debug",
		"C:/documents/courses/qml2",
		"C:/Qt/5.15.2/mingw81_64/include",
		"C:/Qt/5.15.2/mingw81_64/include/QtCore",
		"C:/Qt/5.15.2/mingw81_64/mkspecs/win32-g++",
		"C:/Qt/5.15.2/mingw81_64/include/QtQuick",
		"C:/Qt/5.15.2/mingw81_64/include/QtQmlModels",
		"C:/Qt/5.15.2/mingw81_64/include/QtQml",
		"C:/Qt/5.15.2/mingw81_64/include/QtNetwork",
		"C:/Qt/5.15.2/mingw81_64/include/QtGui",
		"C:/Qt/5.15.2/mingw81_64/include/QtANGLE",
		"C:/Qt/Tools/mingw810_64/lib/gcc/x86_64-w64-mingw32/8.1.0/include/c++",
		"C:/Qt/Tools/mingw810_64/lib/gcc/x86_64-w64-mingw32/8.1.0/include/c++/x86_64-w64-mingw32",
		"C:/Qt/Tools/mingw810_64/lib/gcc/x86_64-w64-mingw32/8.1.0/include/c++/backward",
		"C:/Qt/Tools/mingw810_64/lib/gcc/x86_64-w64-mingw32/8.1.0/include",
		"C:/Qt/Tools/mingw810_64/lib/gcc/x86_64-w64-mingw32/8.1.0/include-fixed",
		"C:/Qt/Tools/mingw810_64/x86_64-w64-mingw32/include"
	],
	"MOC_MACRO_NAMES" : [ "Q_OBJECT", "Q_GADGET", "Q_NAMESPACE", "Q_NAMESPACE_EXPORT" ],
	"MOC_OPTIONS" : [],
	"MOC_PATH_PREFIX" : false,
	"MOC_PREDEFS_CMD" : 
	[
		"C:/Qt/Tools/mingw810_64/bin/g++.exe",
		"-dM",
		"-E",
		"-c",
		"C:/Program Files/JetBrains/CLion 2022.3.1/bin/cmake/win/share/cmake-3.24/Modules/CMakeCXXCompilerABI.cpp"
	],
	"MOC_PREDEFS_FILE" : "C:/documents/courses/qml2/cmake-build-debug/clion-qt_autogen/moc_predefs.h",
	"MOC_RELAXED_MODE" : false,
	"MOC_SKIP" : [],
	"MULTI_CONFIG" : false,
	"PARALLEL" : 8,
	"PARSE_CACHE_FILE" : "C:/documents/courses/qml2/cmake-build-debug/CMakeFiles/clion-qt_autogen.dir/ParseCache.txt",
	"QT_MOC_EXECUTABLE" : "C:/Qt/5.15.2/mingw81_64/bin/moc.exe",
	"QT_UIC_EXECUTABLE" : "",
	"QT_VERSION_MAJOR" : 5,
	"QT_VERSION_MINOR" : 15,
	"SETTINGS_FILE" : "C:/documents/courses/qml2/cmake-build-debug/CMakeFiles/clion-qt_autogen.dir/AutogenUsed.txt",
	"SOURCES" : 
	[
		[ "C:/documents/courses/qml2/main.cpp", "MU", null ]
	],
	"UIC_OPTIONS" : [],
	"UIC_SEARCH_PATHS" : [],
	"UIC_SKIP" : [],
	"UIC_UI_FILES" : [],
	"VERBOSITY" : 0
}
