{
	"BUILD_DIR" : "C:/documents/courses/qml2/cmake-build-debug/clion-qt_autogen",
	"CMAKE_BINARY_DIR" : "C:/documents/courses/qml2/cmake-build-debug",
	"CMAKE_CURRENT_BINARY_DIR" : "C:/documents/courses/qml2/cmake-build-debug",
	"CMAKE_CURRENT_SOURCE_DIR" : "C:/documents/courses/qml2",
	"CMAKE_SOURCE_DIR" : "C:/documents/courses/qml2",
	"INCLUDE_DIR" : "C:/documents/courses/qml2/cmake-build-debug/clion-qt_autogen/include",
	"INPUTS" : [ "C:/documents/courses/qml2/main.qml" ],
	"LOCK_FILE" : "C:/documents/courses/qml2/cmake-build-debug/CMakeFiles/clion-qt_autogen.dir/AutoRcc_qml_EWIEGA46WW_Lock.lock",
	"MULTI_CONFIG" : false,
	"OPTIONS" : [ "-name", "qml" ],
	"OUTPUT_CHECKSUM" : "EWIEGA46WW",
	"OUTPUT_NAME" : "qrc_qml.cpp",
	"RCC_EXECUTABLE" : "C:/Qt/5.15.2/mingw81_64/bin/rcc.exe",
	"RCC_LIST_OPTIONS" : [ "--list" ],
	"SETTINGS_FILE" : "C:/documents/courses/qml2/cmake-build-debug/CMakeFiles/clion-qt_autogen.dir/AutoRcc_qml_EWIEGA46WW_Used.txt",
	"SOURCE" : "C:/documents/courses/qml2/qml.qrc",
	"VERBOSITY" : 0
}
